date,prediction,TRUE,floor
8/12/19,4757,4757,Ground
8/13/19,179130,179130,Ground
8/14/19,154178,154178,Ground
8/15/19,183612,183612,Ground
8/16/19,53572,53572,Ground
8/17/19,10799,10799,Ground
8/18/19,7377,7377,Ground
8/19/19,171511,171511,Ground
8/20/19,244609,244609,Ground
8/21/19,229124,229124,Ground
8/22/19,272573,272573,Ground
8/23/19,97650,97650,Ground
8/24/19,7798,7798,Ground
8/25/19,9526,9526,Ground
8/26/19,5869,5869,Ground
8/27/19,276282,276282,Ground
8/28/19,305493,305493,Ground
8/29/19,272959,272959,Ground
8/30/19,182206,182206,Ground
8/31/19,11771,11771,Ground
9/1/19,7031,7031,Ground
9/2/19,233240,233240,Ground
9/3/19,213727,213727,Ground
9/4/19,212991,212991,Ground
9/5/19,292826,292826,Ground
9/6/19,143990,143990,Ground
9/7/19,9928,9928,Ground
9/8/19,5224,5224,Ground
9/9/19,236522,236522,Ground
9/10/19,242575,242575,Ground
9/11/19,425537,425537,Ground
9/12/19,315337,315337,Ground
9/13/19,160718,160718,Ground
9/14/19,14948,14948,Ground
9/15/19,15252,15252,Ground
9/16/19,284082,284082,Ground
9/17/19,237476,237476,Ground
9/18/19,296746,296746,Ground
9/19/19,270613,270613,Ground
9/20/19,134162,134162,Ground
9/21/19,11486,11486,Ground
9/22/19,13656,13656,Ground
9/23/19,155490,155490,Ground
9/24/19,184767,184767,Ground
9/25/19,354286,354286,Ground
9/26/19,359237,359237,Ground
9/27/19,157733,157733,Ground
9/28/19,2257,2257,Ground
9/29/19,16660,16660,Ground
9/30/19,476156,476156,Ground
10/1/19,462340,462340,Ground
10/2/19,561474,561474,Ground
10/3/19,569098,569098,Ground
10/4/19,208284,208284,Ground
10/5/19,9049,9049,Ground
10/6/19,11240,11240,Ground
10/7/19,199669,199669,Ground
10/8/19,334827,334827,Ground
10/9/19,224312,224312,Ground
10/10/19,264207,264207,Ground
10/11/19,153772,153772,Ground
10/12/19,3512,3512,Ground
10/13/19,3586,3586,Ground
10/14/19,495153,495153,Ground
10/15/19,438183,438183,Ground
10/16/19,276448,276448,Ground
10/17/19,292679,292679,Ground
10/18/19,178346,178346,Ground
10/19/19,8063,8063,Ground
10/20/19,4623,4623,Ground
10/21/19,208597,208597,Ground
10/22/19,281967,281967,Ground
10/23/19,365071,365071,Ground
10/24/19,320343,320343,Ground
10/25/19,126074,126074,Ground
10/26/19,4900,4900,Ground
10/27/19,2204,2204,Ground
10/28/19,195931,195931,Ground
10/29/19,292072,292072,Ground
10/30/19,194758,194758,Ground
10/31/19,265829,265829,Ground
11/1/19,105731,105731,Ground
11/2/19,5044,5044,Ground
11/3/19,4605,4605,Ground
11/4/19,201987,201987,Ground
11/5/19,250924,250924,Ground
11/6/19,349380,349380,Ground
11/7/19,291959,291959,Ground
11/8/19,178923,178923,Ground
11/9/19,12060,12060,Ground
11/10/19,2587,2587,Ground
11/11/19,250189,250189,Ground
11/12/19,296761,296761,Ground
11/13/19,1149,1149,Ground
11/28/19,208980,208980,Ground
11/29/19,93356,93356,Ground
11/30/19,2779,2779,Ground
12/1/19,2449,2449,Ground
12/2/19,127776,127776,Ground
12/3/19,264560,264560,Ground
12/4/19,203323,203323,Ground
12/5/19,216648,216648,Ground
12/6/19,193106,193106,Ground
12/7/19,7644,7644,Ground
12/8/19,1936,1936,Ground
12/9/19,201294,201294,Ground
12/10/19,246797,246797,Ground
12/11/19,244102,244102,Ground
12/12/19,242210,242210,Ground
12/13/19,150506,150506,Ground
12/14/19,5846,5846,Ground
12/15/19,6246,6246,Ground
12/16/19,213032,213032,Ground
12/17/19,286861,286861,Ground
12/18/19,188384,188384,Ground
12/19/19,197426,197426,Ground
12/20/19,81235,81235,Ground
12/21/19,6633,6633,Ground
12/22/19,2730,2730,Ground
12/23/19,73980,73980,Ground
12/24/19,27952,27952,Ground
12/25/19,2503,2503,Ground
12/26/19,2535,2535,Ground
12/27/19,44791,44791,Ground
12/28/19,1311,1311,Ground
12/29/19,6059,6059,Ground
12/30/19,69287,69287,Ground
12/31/19,31646,31646,Ground
1/1/20,3714,3714,Ground
1/2/20,104709,104709,Ground
1/3/20,85488,85488,Ground
1/4/20,443,443,Ground
1/5/20,3644,3644,Ground
1/6/20,219163,219163,Ground
1/7/20,325180,325180,Ground
1/8/20,289719,289719,Ground
1/9/20,196712,196712,Ground
1/10/20,162465,162465,Ground
1/11/20,1878,1878,Ground
1/12/20,632,632,Ground
1/13/20,243657,243657,Ground
1/14/20,345049,345049,Ground
1/15/20,320378,320378,Ground
1/16/20,380423,380423,Ground
1/17/20,200659,200659,Ground
1/18/20,11515,11515,Ground
1/19/20,7409,7409,Ground
1/20/20,219343,219343,Ground
1/21/20,293271,293271,Ground
1/22/20,251045,251045,Ground
1/30/20,243062,243062,Ground
2/1/20,8032,8032,Ground
2/2/20,4844,4844,Ground
2/3/20,198635,198635,Ground
2/4/20,203430,203430,Ground
2/7/20,132638,132638,Ground
2/8/20,492,492,Ground
2/9/20,553,553,Ground
2/10/20,148353,148353,Ground
2/11/20,161770,161770,Ground
2/12/20,297398,297398,Ground
2/13/20,194629,194629,Ground
2/14/20,120070,120070,Ground
2/15/20,5963,5963,Ground
2/16/20,3653,3653,Ground
2/17/20,191027,191027,Ground
2/18/20,235580,235580,Ground
2/19/20,219312,219312,Ground
2/20/20,226700,226700,Ground
2/21/20,110789,110789,Ground
2/22/20,2221,2221,Ground
2/23/20,3482,3482,Ground
2/24/20,222462,222462,Ground
2/25/20,296786,296786,Ground
2/26/20,521154,521154,Ground
2/27/20,479998,479998,Ground
2/28/20,247128,247128,Ground
2/29/20,8734,8734,Ground
3/1/20,9212,9212,Ground
3/2/20,503676,503676,Ground
3/3/20,446230,446230,Ground
3/4/20,184670,184670,Ground
3/5/20,141146,141146,Ground
3/6/20,75638,75638,Ground
3/7/20,3041,3041,Ground
3/8/20,1529,1529,Ground
3/9/20,142938,142938,Ground
3/10/20,163095,163095,Ground
3/11/20,154999,154999,Ground
3/12/20,313052,313052,Ground
3/13/20,124507,124507,Ground
3/14/20,3971,3971,Ground
3/15/20,2485,2485,Ground
3/16/20,144935,144935,Ground
3/17/20,38596,38596,Ground
3/18/20,68469,68469,Ground
3/19/20,50822,50822,Ground
3/20/20,54509,54509,Ground
3/21/20,4524,4524,Ground
3/22/20,4232,4232,Ground
3/23/20,45650,45650,Ground
3/24/20,17828,17828,Ground
3/25/20,18420,18420,Ground
3/26/20,17000,17000,Ground
3/27/20,27133,27133,Ground
3/28/20,1765,1765,Ground
3/29/20,1584,1584,Ground
3/30/20,16254,16254,Ground
3/31/20,12471,12471,Ground
4/1/20,14872,14872,Ground
4/2/20,14136,14136,Ground
4/3/20,7931,7931,Ground
4/4/20,3885,3885,Ground
4/5/20,1891,1891,Ground
4/6/20,10234,10234,Ground
4/7/20,24678,24678,Ground
4/8/20,34735,34735,Ground
4/9/20,9498,9498,Ground
4/10/20,139,139,Ground
4/11/20,462,462,Ground
4/12/20,2207,2207,Ground
4/13/20,534,534,Ground
4/14/20,13631,13631,Ground
4/15/20,16444,16444,Ground
4/16/20,16185,16185,Ground
4/17/20,12696,12696,Ground
4/18/20,1588,1588,Ground
4/19/20,1840,1840,Ground
4/20/20,14932,14932,Ground
4/21/20,28863,28863,Ground
4/22/20,16844,16844,Ground
4/23/20,27168,27168,Ground
4/24/20,11642,11642,Ground
4/25/20,242,242,Ground
4/26/20,1311,1311,Ground
4/27/20,21892,21892,Ground
4/28/20,16497,16497,Ground
4/29/20,38699,38699,Ground
4/30/20,17482,17482,Ground
5/1/20,14117,14117,Ground
5/2/20,1184,1184,Ground
5/3/20,1551,1551,Ground
5/4/20,20435,20435,Ground
5/5/20,17528,17528,Ground
5/6/20,15157,15157,Ground
5/7/20,14554,14554,Ground
5/8/20,2214,2214,Ground
5/9/20,3288,3288,Ground
5/10/20,1437,1437,Ground
5/11/20,23463,23463,Ground
5/12/20,30241,30241,Ground
5/13/20,24445,24445,Ground
5/14/20,22578,22578,Ground
5/15/20,24225,24225,Ground
5/16/20,2209,2209,Ground
5/17/20,689,689,Ground
5/18/20,9831,9831,Ground
5/19/20,13979,13979,Ground
5/20/20,26529,26529,Ground
5/21/20,12672,12672,Ground
5/22/20,11034,11034,Ground
5/23/20,3514,3514,Ground
5/24/20,3396,3396,Ground
5/25/20,3042,3042,Ground
5/26/20,21600,21600,Ground
5/27/20,27907,27907,Ground
5/28/20,19587,19587,Ground
5/29/20,7808,7808,Ground
5/30/20,294,294,Ground
5/31/20,572,572,Ground
6/1/20,13931,13931,Ground
6/2/20,14206,14206,Ground
6/3/20,10666,10666,Ground
6/4/20,23605,23605,Ground
6/5/20,10420,10420,Ground
6/6/20,671,671,Ground
6/7/20,3006,3006,Ground
6/8/20,30038,30038,Ground
6/9/20,21754,21754,Ground
6/10/20,11849,11849,Ground
6/11/20,19666,19666,Ground
6/12/20,23220,23220,Ground
6/13/20,1024,1024,Ground
6/14/20,817,817,Ground
6/15/20,26395,26395,Ground
6/16/20,25131,25131,Ground
6/17/20,7852,7852,Ground
6/18/20,33969,33969,Ground
6/19/20,14795,14795,Ground
6/20/20,688,688,Ground
6/21/20,545,545,Ground
6/22/20,46338,46338,Ground
6/23/20,52133,52133,Ground
6/24/20,22569,22569,Ground
6/25/20,23277,23277,Ground
6/26/20,19419,19419,Ground
6/27/20,2286,2286,Ground
6/28/20,2556,2556,Ground
6/29/20,30110,30110,Ground
6/30/20,31433,31433,Ground
7/1/20,29081,29081,Ground
7/2/20,21769,21769,Ground
7/3/20,10141,10141,Ground
7/4/20,118,118,Ground
7/5/20,69,69,Ground
7/6/20,19133,19133,Ground
7/7/20,25418,25418,Ground
7/8/20,12558,12558,Ground
7/9/20,25165,25165,Ground
7/10/20,5504,5504,Ground
7/12/20,1005,1005,Ground
7/13/20,56886,56886,Ground
7/14/20,3600,3600,Ground
7/15/20,37020,37020,Ground
7/16/20,49801,49801,Ground
7/17/20,37842,37842,Ground
7/18/20,394,394,Ground
7/19/20,18,18,Ground
7/20/20,35708,35708,Ground
7/21/20,25014,25014,Ground
7/22/20,38086,18702,Ground
7/23/20,29863,21869,Ground
7/24/20,26084,19208,Ground
7/25/20,12339,49,Ground
7/26/20,7821,104,Ground
7/27/20,30207,18051,Ground
7/28/20,25118,23731,Ground
7/29/20,37507,30218,Ground
7/30/20,31988,14462,Ground
7/31/20,31249,14689,Ground
8/1/20,11967,14,Ground
8/3/20,6208,40707,Ground
8/4/20,31337,47000,Ground
8/5/20,24718,25825,Ground
8/6/20,37461,23372,Ground
8/7/20,32353,17127,Ground
8/8/20,30993,3147,Ground
8/9/20,12234,3371,Ground
8/10/20,6375,29239,Ground
8/11/20,30765,51947,Ground
8/12/20,24462,48149,Ground
8/13/20,37368,38704,Ground
8/14/20,32243,29559,Ground
8/17/20,30868,9803,Ground
8/18/20,11814,54407,Ground
8/19/20,5791,50204,Ground
8/20/20,30250,52917,Ground
8/21/20,23925,12575,Ground
8/23/20,36819,14,Ground
8/24/20,31646,56956,Ground
8/25/20,30161,51279,Ground
8/26/20,11035,52318,Ground
8/27/20,4957,59313,Ground
8/28/20,29366,18573,Ground
8/29/20,23019,3870,Ground
8/30/20,35871,2971,Ground
9/1/20,30631,61096,Ground
9/2/20,29076,,Ground
9/3/20,9882,,Ground
9/4/20,3753,,Ground
9/5/20,28122,,Ground
9/6/20,21727,,Ground
9/7/20,34523,,Ground
9/8/20,29223,,Ground
9/9/20,27607,,Ground
9/10/20,8359,,Ground
9/11/20,2179,,Ground
9/12/20,26497,,Ground
9/13/20,20049,,Ground
9/14/20,32789,,Ground
9/15/20,27431,,Ground
9/16/20,25760,,Ground
9/17/20,6458,,Ground
9/18/20,225,,Ground
9/19/20,24490,,Ground
9/20/20,17988,,Ground
9/21/20,30672,,Ground
8/12/19,1721,1721,First
8/13/19,321436,321436,First
8/14/19,240043,240043,First
8/15/19,173298,173298,First
8/16/19,137361,137361,First
8/17/19,1952,1952,First
8/18/19,328,328,First
8/19/19,240751,240751,First
8/20/19,238854,238854,First
8/21/19,214887,214887,First
8/22/19,194936,194936,First
8/23/19,93792,93792,First
8/24/19,307,307,First
8/25/19,398,398,First
8/26/19,9,9,First
8/27/19,265278,265278,First
8/28/19,313424,313424,First
8/29/19,246786,246786,First
8/30/19,74541,74541,First
8/31/19,2788,2788,First
9/1/19,678,678,First
9/2/19,227923,227923,First
9/3/19,289677,289677,First
9/4/19,338196,338196,First
9/5/19,311837,311837,First
9/6/19,126432,126432,First
9/7/19,868,868,First
9/8/19,207,207,First
9/9/19,305489,305489,First
9/10/19,278199,278199,First
9/11/19,343638,343638,First
9/12/19,287100,287100,First
9/13/19,139569,139569,First
9/14/19,2471,2471,First
9/15/19,2393,2393,First
9/16/19,245252,245252,First
9/17/19,346803,346803,First
9/18/19,299742,299742,First
9/19/19,255173,255173,First
9/20/19,69549,69549,First
9/21/19,9516,9516,First
9/22/19,1468,1468,First
9/23/19,120959,120959,First
9/24/19,43299,43299,First
9/25/19,133204,133204,First
9/26/19,156052,156052,First
9/27/19,166527,166527,First
9/28/19,1632,1632,First
9/29/19,334,334,First
9/30/19,261269,261269,First
10/1/19,338221,338221,First
10/2/19,260955,260955,First
10/3/19,250092,250092,First
10/4/19,104194,104194,First
10/5/19,2491,2491,First
10/6/19,2672,2672,First
10/7/19,239438,239438,First
10/8/19,305608,305608,First
10/9/19,352275,352275,First
10/10/19,306039,306039,First
10/11/19,85918,85918,First
10/12/19,287,287,First
10/13/19,649,649,First
10/14/19,313947,313947,First
10/15/19,439614,439614,First
10/16/19,673482,673482,First
10/17/19,471740,471740,First
10/18/19,198912,198912,First
10/19/19,9360,9360,First
10/20/19,1660,1660,First
10/21/19,610612,610612,First
10/22/19,706920,706920,First
10/23/19,631250,631250,First
10/24/19,502489,502489,First
10/25/19,127247,127247,First
10/26/19,1507,1507,First
10/27/19,476,476,First
10/28/19,224870,224870,First
10/29/19,324547,324547,First
10/30/19,297231,297231,First
10/31/19,307129,307129,First
11/1/19,111148,111148,First
11/2/19,3105,3105,First
11/3/19,547,547,First
11/4/19,288569,288569,First
11/5/19,317858,317858,First
11/6/19,318423,318423,First
11/7/19,330939,330939,First
11/8/19,191337,191337,First
11/9/19,2033,2033,First
11/10/19,386,386,First
11/11/19,359607,359607,First
11/12/19,281113,281113,First
11/13/19,472,472,First
11/28/19,310322,310322,First
11/29/19,74711,74711,First
11/30/19,252,252,First
12/1/19,150,150,First
12/2/19,370250,370250,First
12/3/19,425793,425793,First
12/4/19,172048,172048,First
12/5/19,234138,234138,First
12/6/19,111619,111619,First
12/7/19,1872,1872,First
12/8/19,136,136,First
12/9/19,268760,268760,First
12/10/19,259780,259780,First
12/11/19,254054,254054,First
12/12/19,343275,343275,First
12/13/19,192555,192555,First
12/14/19,660,660,First
12/15/19,91,91,First
12/16/19,246326,246326,First
12/17/19,258871,258871,First
12/18/19,323004,323004,First
12/19/19,228786,228786,First
12/20/19,79386,79386,First
12/21/19,1064,1064,First
12/22/19,1351,1351,First
12/23/19,26812,26812,First
12/24/19,18417,18417,First
12/25/19,2051,2051,First
12/26/19,2211,2211,First
12/27/19,3177,3177,First
12/28/19,2309,2309,First
12/29/19,1953,1953,First
12/30/19,2440,2440,First
12/31/19,2176,2176,First
1/1/20,1889,1889,First
1/2/20,118748,118748,First
1/3/20,40868,40868,First
1/4/20,841,841,First
1/5/20,850,850,First
1/6/20,313314,313314,First
1/7/20,412726,412726,First
1/8/20,441146,441146,First
1/9/20,347980,347980,First
1/10/20,140843,140843,First
1/11/20,355,355,First
1/12/20,526,526,First
1/13/20,392705,392705,First
1/14/20,389032,389032,First
1/15/20,434062,434062,First
1/16/20,441129,441129,First
1/17/20,148279,148279,First
1/18/20,1976,1976,First
1/19/20,2551,2551,First
1/20/20,403026,403026,First
1/21/20,426394,426394,First
1/22/20,426184,426184,First
1/30/20,223750,223750,First
2/1/20,1872,1872,First
2/2/20,1160,1160,First
2/3/20,335641,335641,First
2/4/20,417995,417995,First
2/7/20,150245,150245,First
2/8/20,1966,1966,First
2/9/20,2816,2816,First
2/10/20,258684,258684,First
2/11/20,303270,303270,First
2/12/20,332331,332331,First
2/13/20,310899,310899,First
2/14/20,120182,120182,First
2/15/20,3119,3119,First
2/16/20,2516,2516,First
2/17/20,277326,277326,First
2/18/20,338737,338737,First
2/19/20,346046,346046,First
2/20/20,320964,320964,First
2/21/20,139821,139821,First
2/22/20,2349,2349,First
2/23/20,3624,3624,First
2/24/20,334293,334293,First
2/25/20,453958,453958,First
2/26/20,361086,361086,First
2/27/20,331648,331648,First
2/28/20,98726,98726,First
2/29/20,4802,4802,First
3/1/20,1242,1242,First
3/2/20,342253,342253,First
3/3/20,338295,338295,First
3/4/20,342223,342223,First
3/5/20,304921,304921,First
3/6/20,134968,134968,First
3/7/20,1038,1038,First
3/8/20,1426,1426,First
3/9/20,262046,262046,First
3/10/20,321500,321500,First
3/11/20,312804,312804,First
3/12/20,353886,353886,First
3/13/20,95198,95198,First
3/14/20,1537,1537,First
3/15/20,1092,1092,First
3/16/20,236174,236174,First
3/17/20,12547,12547,First
3/18/20,2051,2051,First
3/19/20,1256,1256,First
3/20/20,2761,2761,First
3/21/20,2630,2630,First
3/22/20,3046,3046,First
3/23/20,2730,2730,First
3/24/20,3246,3246,First
3/25/20,3586,3586,First
3/26/20,2676,2676,First
3/27/20,1276,1276,First
3/28/20,837,837,First
3/29/20,497,497,First
3/30/20,726,726,First
3/31/20,1119,1119,First
4/1/20,1673,1673,First
4/2/20,1808,1808,First
4/3/20,1590,1590,First
4/4/20,1633,1633,First
4/5/20,1517,1517,First
4/6/20,1093,1093,First
4/7/20,1824,1824,First
4/8/20,1871,1871,First
4/9/20,2403,2403,First
4/10/20,2305,2305,First
4/11/20,2286,2286,First
4/12/20,2669,2669,First
4/13/20,1228,1228,First
4/14/20,1705,1705,First
4/15/20,1440,1440,First
4/16/20,1282,1282,First
4/17/20,1712,1712,First
4/18/20,1589,1589,First
4/19/20,2325,2325,First
4/20/20,1645,1645,First
4/21/20,1315,1315,First
4/22/20,1414,1414,First
4/23/20,1264,1264,First
4/24/20,894,894,First
4/25/20,900,900,First
4/26/20,1308,1308,First
4/27/20,1539,1539,First
4/28/20,2655,2655,First
4/29/20,2126,2126,First
4/30/20,975,975,First
5/1/20,1502,1502,First
5/2/20,1426,1426,First
5/3/20,1530,1530,First
5/4/20,967,967,First
5/5/20,3079,3079,First
5/6/20,832,832,First
5/7/20,3092,3092,First
5/8/20,954,954,First
5/9/20,279,279,First
5/10/20,1652,1652,First
5/11/20,1688,1688,First
5/12/20,1422,1422,First
5/13/20,663,663,First
5/14/20,73,73,First
5/15/20,51,51,First
5/16/20,266,266,First
5/17/20,153,153,First
5/18/20,141,141,First
5/19/20,174,174,First
5/20/20,109,109,First
5/21/20,167,167,First
5/22/20,54,54,First
5/23/20,124,124,First
5/24/20,138,138,First
5/25/20,162,162,First
5/26/20,66,66,First
5/27/20,121,121,First
5/28/20,811,811,First
5/29/20,1090,1090,First
5/30/20,112,112,First
5/31/20,171,171,First
6/1/20,209,209,First
6/2/20,501,501,First
6/3/20,880,880,First
6/4/20,642,642,First
6/5/20,841,841,First
6/6/20,904,904,First
6/7/20,477,477,First
6/8/20,763,763,First
6/9/20,701,701,First
6/10/20,562,562,First
6/11/20,1082,1082,First
6/12/20,1270,1270,First
6/13/20,1340,1340,First
6/14/20,1643,1643,First
6/15/20,1533,1533,First
6/16/20,1332,1332,First
6/17/20,1345,1345,First
6/18/20,3594,3594,First
6/19/20,3311,3311,First
6/20/20,1297,1297,First
6/21/20,1599,1599,First
6/22/20,1019,1019,First
6/23/20,765,765,First
6/24/20,2977,2977,First
6/25/20,1397,1397,First
6/26/20,14583,14583,First
6/27/20,1148,1148,First
6/28/20,1426,1426,First
6/29/20,4701,4701,First
6/30/20,11718,11718,First
7/1/20,2141,2141,First
7/2/20,8287,8287,First
7/3/20,1076,1076,First
7/4/20,882,882,First
7/5/20,686,686,First
7/6/20,3675,3675,First
7/7/20,2304,2304,First
7/8/20,1196,1196,First
7/9/20,1985,1985,First
7/10/20,1714,1714,First
7/11/20,890,890,First
7/12/20,837,837,First
7/13/20,2604,2604,First
7/14/20,461,461,First
7/15/20,4029,4029,First
7/16/20,1258,1258,First
7/17/20,1830,1830,First
7/18/20,1320,1320,First
7/19/20,1117,1117,First
7/20/20,5800,5800,First
7/21/20,4424,9200,First
7/22/20,2672,5494,First
7/23/20,2445,5077,First
7/24/20,2552,2381,First
7/25/20,1208,1742,First
7/26/20,1920,1497,First
7/27/20,5060,2077,First
7/28/20,4162,4341,First
7/29/20,2745,3376,First
7/30/20,2743,17506,First
7/31/20,2828,1781,First
8/1/20,1277,2377,First
8/2/20,1778,2144,First
8/3/20,4854,1343,First
8/4/20,4056,1193,First
8/5/20,2802,1730,First
8/6/20,2898,1894,First
8/7/20,2959,2046,First
8/8/20,1302,1569,First
8/9/20,1706,1345,First
8/10/20,4760,2077,First
8/11/20,4018,639,First
8/12/20,2842,1638,First
8/13/20,2979,760,First
8/14/20,3023,2228,First
8/15/20,1312,377,First
8/16/20,1672,376,First
8/17/20,4721,516,First
8/18/20,4008,9432,First
8/19/20,2869,24599,First
8/20/20,3024,14261,First
8/21/20,3056,1105,First
8/22/20,1319,1867,First
8/23/20,1659,1576,First
8/24/20,4707,3220,First
8/25/20,4010,4088,First
8/26/20,2889,1083,First
8/27/20,3050,10765,First
8/28/20,3076,198,First
8/29/20,1325,347,First
8/30/20,1656,335,First
8/31/20,4705,372,First
9/1/20,4016,3820,First
9/2/20,2904,,First
9/3/20,3068,,First
9/4/20,3089,,First
9/5/20,1332,,First
9/6/20,1660,,First
9/7/20,4709,,First
9/8/20,4025,,First
9/9/20,2916,,First
9/10/20,3081,,First
9/11/20,3100,,First
9/12/20,1340,,First
9/13/20,1666,,First
9/14/20,4716,,First
9/15/20,4034,,First
9/16/20,2926,,First
9/17/20,3091,,First
9/18/20,3110,,First
9/19/20,1348,,First
9/20/20,1673,,First
9/21/20,4724,,First
8/12/19,1057,1057,Second
8/13/19,385620,385620,Second
8/14/19,335570,335570,Second
8/15/19,367981,367981,Second
8/16/19,173529,173529,Second
8/17/19,4144,4144,Second
8/18/19,1957,1957,Second
8/19/19,250227,250227,Second
8/20/19,346161,346161,Second
8/21/19,374798,374798,Second
8/22/19,303741,303741,Second
8/23/19,78300,78300,Second
8/24/19,496,496,Second
8/25/19,355,355,Second
8/26/19,119,119,Second
8/27/19,265814,265814,Second
8/28/19,333032,333032,Second
8/29/19,357783,357783,Second
8/30/19,114090,114090,Second
8/31/19,1108,1108,Second
9/1/19,101,101,Second
9/2/19,362856,362856,Second
9/3/19,408228,408228,Second
9/4/19,403563,403563,Second
9/5/19,347783,347783,Second
9/6/19,210738,210738,Second
9/7/19,2263,2263,Second
9/8/19,606,606,Second
9/9/19,411299,411299,Second
9/10/19,397397,397397,Second
9/11/19,405283,405283,Second
9/12/19,405781,405781,Second
9/13/19,252175,252175,Second
9/14/19,3238,3238,Second
9/15/19,4511,4511,Second
9/16/19,365649,365649,Second
9/17/19,402218,402218,Second
9/18/19,415895,415895,Second
9/19/19,319094,319094,Second
9/20/19,173377,173377,Second
9/21/19,1378,1378,Second
9/22/19,967,967,Second
9/23/19,188495,188495,Second
9/24/19,71641,71641,Second
9/25/19,189818,189818,Second
9/26/19,224497,224497,Second
9/27/19,201972,201972,Second
9/28/19,2357,2357,Second
9/29/19,15,15,Second
9/30/19,388709,388709,Second
10/1/19,389983,389983,Second
10/2/19,361992,361992,Second
10/3/19,357709,357709,Second
10/4/19,164958,164958,Second
10/5/19,6494,6494,Second
10/6/19,2478,2478,Second
10/7/19,337876,337876,Second
10/8/19,428422,428422,Second
10/9/19,404817,404817,Second
10/10/19,444882,444882,Second
10/11/19,174625,174625,Second
10/12/19,142,142,Second
10/13/19,42,42,Second
10/14/19,380359,380359,Second
10/15/19,452345,452345,Second
10/16/19,403588,403588,Second
10/17/19,351842,351842,Second
10/18/19,192201,192201,Second
10/19/19,2221,2221,Second
10/20/19,903,903,Second
10/21/19,338553,338553,Second
10/22/19,506714,506714,Second
10/23/19,475824,475824,Second
10/24/19,334945,334945,Second
10/25/19,196460,196460,Second
10/26/19,373,373,Second
10/27/19,75,75,Second
10/28/19,356362,356362,Second
10/29/19,415966,415966,Second
10/30/19,385856,385856,Second
10/31/19,320318,320318,Second
11/1/19,204804,204804,Second
11/2/19,3296,3296,Second
11/3/19,5410,5410,Second
11/4/19,447155,447155,Second
11/5/19,388863,388863,Second
11/6/19,435050,435050,Second
11/7/19,351459,351459,Second
11/8/19,181632,181632,Second
11/9/19,3599,3599,Second
11/10/19,1579,1579,Second
11/11/19,449883,449883,Second
11/12/19,405660,405660,Second
11/13/19,186,186,Second
11/28/19,317280,317280,Second
11/29/19,87945,87945,Second
11/30/19,135,135,Second
12/2/19,371801,371801,Second
12/3/19,496875,496875,Second
12/4/19,234554,234554,Second
12/5/19,289274,289274,Second
12/6/19,115546,115546,Second
12/7/19,849,849,Second
12/8/19,169,169,Second
12/9/19,360448,360448,Second
12/10/19,371959,371959,Second
12/11/19,393703,393703,Second
12/12/19,304067,304067,Second
12/13/19,163485,163485,Second
12/14/19,1450,1450,Second
12/15/19,76,76,Second
12/16/19,265312,265312,Second
12/17/19,373344,373344,Second
12/18/19,339451,339451,Second
12/19/19,303646,303646,Second
12/20/19,93457,93457,Second
12/21/19,42,42,Second
12/22/19,1829,1829,Second
12/23/19,62004,62004,Second
12/24/19,8702,8702,Second
12/25/19,4,4,Second
12/27/19,727,727,Second
12/29/19,94,94,Second
12/30/19,646,646,Second
12/31/19,449,449,Second
1/1/20,124,124,Second
1/2/20,130859,130859,Second
1/3/20,99944,99944,Second
1/4/20,38,38,Second
1/5/20,344,344,Second
1/6/20,473022,473022,Second
1/7/20,491009,491009,Second
1/8/20,479931,479931,Second
1/9/20,475676,475676,Second
1/10/20,213345,213345,Second
1/11/20,10,10,Second
1/12/20,14,14,Second
1/13/20,462708,462708,Second
1/14/20,370732,370732,Second
1/15/20,410632,410632,Second
1/16/20,346313,346313,Second
1/17/20,155686,155686,Second
1/18/20,826,826,Second
1/19/20,12,12,Second
1/20/20,399836,399836,Second
1/21/20,491594,491594,Second
1/22/20,523022,523022,Second
1/30/20,437346,437346,Second
2/1/20,148,148,Second
2/2/20,62,62,Second
2/3/20,360532,360532,Second
2/4/20,432615,432615,Second
2/7/20,190587,190587,Second
2/8/20,26,26,Second
2/9/20,13,13,Second
2/10/20,405309,405309,Second
2/11/20,321140,321140,Second
2/12/20,327952,327952,Second
2/13/20,316512,316512,Second
2/14/20,122529,122529,Second
2/15/20,2812,2812,Second
2/16/20,3159,3159,Second
2/17/20,404909,404909,Second
2/18/20,360306,360306,Second
2/19/20,328645,328645,Second
2/20/20,344444,344444,Second
2/21/20,191598,191598,Second
2/22/20,758,758,Second
2/23/20,31,31,Second
2/24/20,407567,407567,Second
2/25/20,445100,445100,Second
2/26/20,483893,483893,Second
2/27/20,417250,417250,Second
2/28/20,164620,164620,Second
2/29/20,148,148,Second
3/1/20,252,252,Second
3/2/20,457289,457289,Second
3/3/20,452232,452232,Second
3/4/20,422256,422256,Second
3/5/20,387976,387976,Second
3/6/20,136029,136029,Second
3/7/20,252,252,Second
3/8/20,253,253,Second
3/9/20,361906,361906,Second
3/10/20,378157,378157,Second
3/11/20,398360,398360,Second
3/12/20,453524,453524,Second
3/13/20,124290,124290,Second
3/15/20,20,20,Second
3/16/20,302798,302798,Second
3/17/20,7457,7457,Second
3/18/20,933,933,Second
3/19/20,373,373,Second
3/20/20,739,739,Second
3/21/20,262,262,Second
3/22/20,378,378,Second
3/23/20,1206,1206,Second
3/24/20,168,168,Second
3/25/20,44,44,Second
3/26/20,156,156,Second
3/27/20,43,43,Second
3/28/20,178,178,Second
3/29/20,223,223,Second
3/30/20,68,68,Second
3/31/20,266,266,Second
4/1/20,401,401,Second
4/2/20,200,200,Second
4/3/20,140,140,Second
4/4/20,192,192,Second
4/5/20,164,164,Second
4/6/20,55,55,Second
4/7/20,436,436,Second
4/8/20,290,290,Second
4/9/20,151,151,Second
4/10/20,222,222,Second
4/11/20,252,252,Second
4/12/20,165,165,Second
4/13/20,169,169,Second
4/14/20,571,571,Second
4/15/20,79,79,Second
4/16/20,1794,1794,Second
4/17/20,135,135,Second
4/18/20,301,301,Second
4/19/20,364,364,Second
4/20/20,149,149,Second
4/21/20,142,142,Second
4/22/20,237,237,Second
4/23/20,79,79,Second
4/24/20,157,157,Second
4/25/20,335,335,Second
4/26/20,423,423,Second
4/27/20,150,150,Second
4/28/20,110,110,Second
4/29/20,81,81,Second
4/30/20,129,129,Second
5/1/20,238,238,Second
5/2/20,416,416,Second
5/3/20,380,380,Second
5/4/20,102,102,Second
5/5/20,227,227,Second
5/6/20,189,189,Second
5/7/20,501,501,Second
5/8/20,154,154,Second
5/9/20,153,153,Second
5/10/20,387,387,Second
5/11/20,2360,2360,Second
5/12/20,1683,1683,Second
5/13/20,1319,1319,Second
5/14/20,62,62,Second
5/15/20,93,93,Second
5/16/20,130,130,Second
5/17/20,143,143,Second
5/18/20,242,242,Second
5/19/20,1052,1052,Second
5/20/20,1745,1745,Second
5/21/20,2378,2378,Second
5/22/20,140,140,Second
5/23/20,234,234,Second
5/24/20,151,151,Second
5/25/20,154,154,Second
5/26/20,103,103,Second
5/27/20,474,474,Second
5/28/20,47352,47352,Second
5/29/20,114,114,Second
5/30/20,235,235,Second
5/31/20,290,290,Second
6/1/20,23037,23037,Second
6/2/20,27337,27337,Second
6/3/20,1468,1468,Second
6/4/20,25755,25755,Second
6/5/20,11014,11014,Second
6/6/20,174,174,Second
6/7/20,162,162,Second
6/8/20,49683,49683,Second
6/9/20,56343,56343,Second
6/10/20,5118,5118,Second
6/11/20,46004,46004,Second
6/12/20,22761,22761,Second
6/13/20,217,217,Second
6/14/20,566,566,Second
6/15/20,35402,35402,Second
6/16/20,24162,24162,Second
6/17/20,1517,1517,Second
6/18/20,121685,121685,Second
6/19/20,15574,15574,Second
6/20/20,420,420,Second
6/21/20,265,265,Second
6/22/20,77627,77627,Second
6/23/20,42848,42848,Second
6/24/20,20413,20413,Second
6/25/20,32113,32113,Second
6/26/20,1007,1007,Second
6/27/20,337,337,Second
6/28/20,282,282,Second
6/29/20,55980,55980,Second
6/30/20,42081,42081,Second
7/1/20,34419,34419,Second
7/2/20,89845,89845,Second
7/3/20,2986,2986,Second
7/4/20,122,122,Second
7/5/20,129,129,Second
7/6/20,75257,75257,Second
7/7/20,51250,51250,Second
7/8/20,48706,48706,Second
7/9/20,47663,47663,Second
7/10/20,3061,3061,Second
7/11/20,277,277,Second
7/12/20,904,904,Second
7/13/20,68227,68227,Second
7/14/20,2851,2851,Second
7/15/20,93479,93479,Second
7/16/20,67350,67350,Second
7/17/20,5042,5042,Second
7/18/20,298,298,Second
7/19/20,325,325,Second
7/20/20,103981,103981,Second
7/21/20,29243,29243,Second
7/22/20,78865,78865,Second
7/23/20,97935,97935,Second
7/24/20,6003,6003,Second
7/25/20,0,493,Second
7/26/20,0,582,Second
7/27/20,86307,89682,Second
7/28/20,48408,44532,Second
7/29/20,74357,61789,Second
7/30/20,88366,83980,Second
7/31/20,25153,22790,Second
8/1/20,0,217,Second
8/2/20,0,327,Second
8/3/20,77401,88979,Second
8/4/20,61086,82480,Second
8/5/20,70708,88594,Second
8/6/20,85826,89760,Second
8/7/20,34546,35038,Second
8/8/20,1135,574,Second
8/9/20,0,836,Second
8/10/20,75480,78034,Second
8/11/20,67663,61400,Second
8/12/20,71254,80800,Second
8/13/20,84413,92068,Second
8/14/20,41901,42156,Second
8/15/20,3182,306,Second
8/16/20,615,514,Second
8/17/20,74812,75382,Second
8/18/20,73138,83386,Second
8/19/20,72067,81254,Second
8/20/20,85420,98182,Second
8/21/20,46529,41985,Second
8/22/20,5959,506,Second
8/23/20,2865,506,Second
8/24/20,76026,55995,Second
8/25/20,76921,74629,Second
8/26/20,74013,66770,Second
8/27/20,86841,90328,Second
8/28/20,50486,52802,Second
8/29/20,8396,457,Second
8/30/20,5481,457,Second
8/31/20,77657,72500,Second
9/1/20,80330,109926,Second
9/2/20,38086,,Second
9/3/20,29863,,Second
9/4/20,26084,,Second
9/5/20,12339,,Second
9/6/20,7821,,Second
9/7/20,30207,,Second
9/8/20,25118,,Second
9/9/20,37507,,Second
9/10/20,31988,,Second
9/11/20,31249,,Second
9/12/20,11967,,Second
9/13/20,6208,,Second
9/14/20,31337,,Second
9/15/20,24718,,Second
9/16/20,37461,,Second
9/17/20,32353,,Second
9/18/20,30993,,Second
9/19/20,12234,,Second
9/20/20,6375,,Second
9/21/20,30765,,Second
8/13/19,57762,57762,Third
8/14/19,52257,52257,Third
8/15/19,51650,51650,Third
8/16/19,26411,26411,Third
8/17/19,1548,1548,Third
8/18/19,131,131,Third
8/19/19,47809,47809,Third
8/20/19,52673,52673,Third
8/21/19,45927,45927,Third
8/22/19,45716,45716,Third
8/23/19,19053,19053,Third
8/24/19,215,215,Third
8/25/19,251,251,Third
8/27/19,45006,45006,Third
8/28/19,50455,50455,Third
8/29/19,72823,72823,Third
8/30/19,30669,30669,Third
8/31/19,374,374,Third
9/2/19,41384,41384,Third
9/3/19,52316,52316,Third
9/4/19,68519,68519,Third
9/5/19,49237,49237,Third
9/6/19,39725,39725,Third
9/7/19,108,108,Third
9/8/19,13,13,Third
9/9/19,42844,42844,Third
9/10/19,63951,63951,Third
9/11/19,73897,73897,Third
9/12/19,47527,47527,Third
9/13/19,27440,27440,Third
9/14/19,3002,3002,Third
9/15/19,537,537,Third
9/16/19,49389,49389,Third
9/17/19,59043,59043,Third
9/18/19,76928,76928,Third
9/19/19,52242,52242,Third
9/20/19,15349,15349,Third
9/21/19,431,431,Third
9/22/19,327,327,Third
9/23/19,28317,28317,Third
9/24/19,44851,44851,Third
9/25/19,106276,106276,Third
9/26/19,25954,25954,Third
9/27/19,33473,33473,Third
9/28/19,5,5,Third
9/30/19,47851,47851,Third
10/1/19,58166,58166,Third
10/2/19,54971,54971,Third
10/3/19,54250,54250,Third
10/4/19,24866,24866,Third
10/5/19,2036,2036,Third
10/6/19,111,111,Third
10/7/19,51483,51483,Third
10/8/19,53159,53159,Third
10/9/19,53204,53204,Third
10/10/19,65894,65894,Third
10/11/19,29242,29242,Third
10/14/19,63366,63366,Third
10/15/19,82538,82538,Third
10/16/19,70096,70096,Third
10/17/19,55459,55459,Third
10/18/19,32783,32783,Third
10/19/19,7,7,Third
10/20/19,4,4,Third
10/21/19,44886,44886,Third
10/22/19,46488,46488,Third
10/23/19,79313,79313,Third
10/24/19,74979,74979,Third
10/25/19,28860,28860,Third
10/26/19,236,236,Third
10/27/19,152,152,Third
10/28/19,43457,43457,Third
10/29/19,61350,61350,Third
10/30/19,39821,39821,Third
10/31/19,51216,51216,Third
11/1/19,33658,33658,Third
11/2/19,173,173,Third
11/3/19,202,202,Third
11/4/19,44705,44705,Third
11/5/19,52174,52174,Third
11/6/19,62364,62364,Third
11/7/19,55509,55509,Third
11/8/19,34070,34070,Third
11/9/19,2023,2023,Third
11/11/19,57293,57293,Third
11/12/19,49429,49429,Third
11/13/19,14,14,Third
11/28/19,45064,45064,Third
11/29/19,19367,19367,Third
11/30/19,115,115,Third
12/1/19,127,127,Third
12/2/19,49453,49453,Third
12/3/19,76078,76078,Third
12/4/19,35898,35898,Third
12/5/19,40573,40573,Third
12/6/19,30545,30545,Third
12/7/19,185,185,Third
12/9/19,52389,52389,Third
12/10/19,74682,74682,Third
12/11/19,43294,43294,Third
12/12/19,67665,67665,Third
12/13/19,35563,35563,Third
12/14/19,409,409,Third
12/15/19,98,98,Third
12/16/19,33730,33730,Third
12/17/19,44161,44161,Third
12/18/19,51124,51124,Third
12/19/19,42274,42274,Third
12/20/19,16533,16533,Third
12/21/19,191,191,Third
12/22/19,306,306,Third
12/23/19,15928,15928,Third
12/24/19,8281,8281,Third
12/27/19,443,443,Third
12/29/19,36,36,Third
12/30/19,1552,1552,Third
12/31/19,954,954,Third
1/1/20,160,160,Third
1/2/20,27083,27083,Third
1/3/20,21514,21514,Third
1/5/20,25,25,Third
1/6/20,53151,53151,Third
1/7/20,73446,73446,Third
1/8/20,88013,88013,Third
1/9/20,79547,79547,Third
1/10/20,27265,27265,Third
1/11/20,62,62,Third
1/12/20,123,123,Third
1/13/20,55347,55347,Third
1/14/20,53872,53872,Third
1/15/20,63425,63425,Third
1/16/20,64119,64119,Third
1/17/20,30687,30687,Third
1/18/20,330,330,Third
1/19/20,117,117,Third
1/20/20,52276,52276,Third
1/21/20,61930,61930,Third
1/22/20,79750,79750,Third
1/30/20,43715,43715,Third
2/1/20,132,132,Third
2/2/20,73,73,Third
2/3/20,56534,56534,Third
2/4/20,81798,81798,Third
2/7/20,36992,36992,Third
2/8/20,125,125,Third
2/9/20,123,123,Third
2/10/20,44119,44119,Third
2/11/20,50448,50448,Third
2/12/20,80329,80329,Third
2/13/20,68318,68318,Third
2/14/20,28369,28369,Third
2/16/20,13,13,Third
2/17/20,56342,56342,Third
2/18/20,73736,73736,Third
2/19/20,64712,64712,Third
2/20/20,57258,57258,Third
2/21/20,31575,31575,Third
2/24/20,61007,61007,Third
2/25/20,77484,77484,Third
2/26/20,61315,61315,Third
2/27/20,84169,84169,Third
2/28/20,35658,35658,Third
2/29/20,13,13,Third
3/1/20,45,45,Third
3/2/20,63469,63469,Third
3/3/20,63648,63648,Third
3/4/20,64544,64544,Third
3/5/20,56426,56426,Third
3/6/20,24701,24701,Third
3/9/20,50964,50964,Third
3/10/20,55639,55639,Third
3/11/20,59471,59471,Third
3/12/20,83540,83540,Third
3/13/20,27285,27285,Third
3/16/20,54419,54419,Third
3/17/20,8550,8550,Third
3/18/20,4784,4784,Third
3/19/20,4301,4301,Third
3/20/20,4861,4861,Third
3/21/20,69,69,Third
3/23/20,212,212,Third
3/24/20,182,182,Third
3/25/20,238,238,Third
3/26/20,37,37,Third
3/27/20,13,13,Third
3/29/20,25,25,Third
3/31/20,58,58,Third
4/2/20,492,492,Third
4/5/20,20,20,Third
4/6/20,86,86,Third
4/7/20,208,208,Third
4/8/20,259,259,Third
4/14/20,222,222,Third
4/15/20,349,349,Third
4/17/20,236,236,Third
4/20/20,147,147,Third
4/21/20,285,285,Third
4/22/20,128,128,Third
4/24/20,49,49,Third
4/28/20,3,3,Third
4/29/20,127,127,Third
4/30/20,209,209,Third
5/4/20,258,258,Third
5/5/20,195,195,Third
5/7/20,63,63,Third
5/11/20,224,224,Third
5/12/20,485,485,Third
5/13/20,14,14,Third
5/14/20,173,173,Third
5/15/20,435,435,Third
5/18/20,840,840,Third
5/19/20,1253,1253,Third
5/20/20,603,603,Third
5/21/20,2891,2891,Third
5/22/20,323,323,Third
5/26/20,317,317,Third
5/27/20,514,514,Third
5/28/20,5130,5130,Third
5/29/20,199,199,Third
5/30/20,13,13,Third
6/1/20,4388,4388,Third
6/2/20,2370,2370,Third
6/3/20,1737,1737,Third
6/4/20,5437,5437,Third
6/5/20,2216,2216,Third
6/8/20,3796,3796,Third
6/9/20,2942,2942,Third
6/10/20,1153,1153,Third
6/11/20,5217,5217,Third
6/12/20,2400,2400,Third
6/15/20,7595,7595,Third
6/16/20,7788,7788,Third
6/17/20,225,225,Third
6/18/20,8673,8673,Third
6/19/20,4794,4794,Third
6/22/20,3902,3902,Third
6/23/20,4426,4426,Third
6/24/20,1384,1384,Third
6/25/20,4395,4395,Third
6/26/20,625,625,Third
6/29/20,4268,4268,Third
6/30/20,4901,4901,Third
7/1/20,2804,2804,Third
7/2/20,4809,4809,Third
7/3/20,228,228,Third
7/6/20,7404,7404,Third
7/7/20,3868,3868,Third
7/8/20,4725,4725,Third
7/9/20,5028,5028,Third
7/10/20,800,800,Third
7/13/20,6109,6109,Third
7/14/20,1553,1553,Third
7/15/20,3154,3154,Third
7/16/20,8882,8882,Third
7/17/20,1352,1352,Third
7/20/20,4767,4767,Third
7/21/20,7309,7309,Third
7/22/20,6970,6970,Third
7/23/20,7080,7080,Third
7/24/20,1073,1073,Third
7/27/20,3704,3521,Third
7/28/20,0,8987,Third
7/29/20,6212,3780,Third
7/30/20,7401,14266,Third
7/31/20,6646,5994,Third
8/3/20,7897,4293,Third
8/4/20,1129,8667,Third
8/5/20,3037,10461,Third
8/6/20,0,8338,Third
8/7/20,6575,1999,Third
8/10/20,7049,7094,Third
8/11/20,6629,6003,Third
8/12/20,8238,8741,Third
8/13/20,1011,11757,Third
8/14/20,2893,59,Third
8/15/20,176,142,Third
8/16/20,6616,191,Third
8/17/20,6911,2702,Third
8/18/20,6725,9979,Third
8/19/20,8343,9852,Third
8/20/20,932,10548,Third
8/21/20,2908,1095,Third
8/22/20,280,131,Third
8/23/20,6600,178,Third
8/24/20,6894,11209,Third
8/25/20,6800,14196,Third
8/26/20,8368,7921,Third
8/27/20,914,9659,Third
8/28/20,2951,4634,Third
8/29/20,323,116,Third
8/30/20,6597,52,Third
8/31/20,6915,167,Third
9/1/20,6843,4180,Third
9/2/20,5583,,Third
9/3/20,7611,,Third
9/4/20,310,,Third
9/5/20,242,,Third
9/6/20,7639,,Third
9/7/20,6049,,Third
9/8/20,4632,,Third
9/9/20,5787,,Third
9/10/20,471,,Third
9/11/20,5170,,Third
9/12/20,6180,,Third
9/13/20,6180,,Third
9/14/20,4695,,Third
9/15/20,2696,,Third
9/16/20,477,,Third
9/17/20,3527,,Third
9/18/20,7614,,Third
9/19/20,6703,,Third
9/20/20,5291,,Third
9/21/20,2156,,Third